{
  "alignment_score": 119026.23476270409,
  "l1_mean_kl": 0.004821923400762739,
  "l1_std_kl": 0.005653112306168213,
  "l1_max_kl": 0.03522532633448724,
  "l2_mean_kl": 2.037126727578184,
  "l2_std_kl": 0.8029179896465873,
  "l2_max_kl": 4.335014295917416,
  "l3_mean_delta": 1.7114938833774664e-05,
  "num_contexts": 40,
  "num_target_tokens": 14
}