{
  "alignment_score": 122292.05448162842,
  "l1_mean_kl": 0.0063383543077222436,
  "l1_std_kl": 0.007336578867081138,
  "l1_max_kl": 0.04561574308712144,
  "l2_mean_kl": 2.0930210323097094,
  "l2_std_kl": 0.9416181255528486,
  "l2_max_kl": 4.471367539825361,
  "l3_mean_delta": 1.7114938833774664e-05,
  "num_contexts": 40,
  "num_target_tokens": 14
}