{
  "alignment_score": 3737277120851.627,
  "l1_mean_kl": 0.291534429369776,
  "l1_std_kl": 0.2004556301630186,
  "l1_max_kl": 0.7558220637521631,
  "l2_mean_kl": 3.737277120851627,
  "l2_std_kl": 3.2194227066735484,
  "l2_max_kl": 15.461584028632082,
  "l3_mean_delta": 0.0,
  "num_contexts": 20,
  "num_target_tokens": 11
}